{
    "particles": {
        "number": {
            "value": 147,
            "density": {
                "enable": true,
                "value_area": 868.0624057955
            }
        },
        "color": {
            "value": "#09c9f2"
        },
        "shape": {
            "type": "circle",
            "stroke": {
                "width": 0,
                "color": "#000000"
            },
            "polygon": {
                "nb_sides": 5
            },
            "image": {
                "src": "",
                "width": 100,
                "height": 90
            }
        },
        "opacity": {
            "value": 0.5,
            "random": false,
            "anim": {
                "enable": false,
                "speed": 1.2181158184520178,
                "opacity_min": 0.1,
                "sync": false
            }
        },
        "size": {
            "value": 3,
            "random": false,
            "anim": {
                "enable": true,
                "speed": 5,
                "size_min": 0.1,
                "sync": false
            }
        },
        "line_linked": {
            "enable": true,
            "distance": 150,
            "color": "#020202",
            "opacity": 0.08,
            "width": 1
        },
        "move": {
            "enable": true,
            "speed": 3.206824121731046,
            "direction": "none",
            "random": false,
            "straight": false,
            "out_mode": "out",
            "bounce": false,
            "attract": {
                "enable": false,
                "rotateX": 600,
                "rotateY": 1200
            }
        }
    },
    "interactivity": {
        "detect_on": "canvas",
        "events": {
            "onhover": {
                "enable": true,
                "mode": "repulse"
            },
            "onclick": {
                "enable": true,
                "mode": "push"
            },
            "resize": true
        },
        "modes": {
            "grab": {
                "distance": 400,
                "line_linked": {
                    "opacity": 1
                }
            },
            "bubble": {
                "distance": 400,
                "size": 40,
                "duration": 2,
                "opacity": 8,
                "speed": 3
            },
            "repulse": {
                "distance": 200,
                "duration": 0.4
            },
            "push": {
                "particles_nb": 4
            },
            "remove": {
                "particles_nb": 2
            }
        }
    },
    "retina_detect": true
}